keyword,volumen,kd,pagina_uzeed,nota
escort santiago,110000,64,/escorts/santiago,
escort norte,40500,52,/escorts/antofagasta,
escort antofagasta,33100,50,/escorts/antofagasta,
escort concepcion,33100,50,/escorts/concepcion,
escort talca,33100,49,/escorts/talca,
escort viña,27100,50,/escorts/vina-del-mar,
putas talca,22200,48,/escorts/talca,
escort curico,22200,53,/escorts/curico,
sexo gay,22200,63,/escorts/hombres,
putas santiago,18100,62,/escorts/santiago,
escort puerto montt,18100,50,/escorts/puerto-montt,
escort viña del mar,14800,49,/escorts/vina-del-mar,
sexo santiago,12100,56,/escorts/santiago,
putas chilenas,12100,57,/escorts/chilena,
putas temuco,12100,51,/escorts/temuco,
sexo puerto montt,12100,50,/escorts/puerto-montt,
escort san antonio,9900,43,/escorts/san-antonio,
escort travesti,9900,55,/escorts/trans,
escort gay,9900,54,/escorts/hombres,
escort a domicilio,8100,23,/escorts/a-domicilio,
putas chile,8100,65,/escorts/chile,
escort santiago centro,8100,58,/escorts/santiago-centro,
putas chillan,8100,49,/escorts/chillan,
sexo antofagasta,6600,46,/escorts/antofagasta,
putas conce,6600,50,/escorts/concepcion,
escort en santa cruz,6600,46,/escorts/santa-cruz,
chicas escort,6600,61,/escorts/santiago,
damas de compañia santiago,6600,47,/escorts/santiago,
putas coquimbo,6600,52,/escorts/coquimbo,
putas xxx,6600,29,/escorts/packs,
putas rancagua,6600,48,/escorts/rancagua,
sexo talca,6600,49,/escorts/talca,
putas antofagasta,5400,46,/escorts/antofagasta,
escort hombres,5400,45,/escorts/hombres,
prostitutas santiago,5400,61,/escorts/santiago,
putas en osorno,5400,49,/escorts/osorno,
putas en puerto montt,5400,50,/escorts/puerto-montt,
damas de compañia talca,5400,21,/escorts/talca,
scort trans,5400,38,/escorts/trans,
damas de compañia antofagasta,4400,38,/escorts/antofagasta,
putas en concepción,4400,48,/escorts/concepcion,
sexo concepcion,4400,35,/escorts/concepcion,
escort en puente alto,4400,29,/escorts/puente-alto,
escort san fernando,4400,32,/escorts/san-fernando,
putas maduras,4400,33,/escorts/maduras,
escort vip,4400,59,/escorts/vip,
videos de putas,4400,34,/escorts/packs,
escort la florida,4400,17,/escorts/la-florida,
putas calientes,4400,22,/escorts/caliente,
servicios sexuales,3600,56,/escorts/chile,
escort gay chile,3600,52,/escorts/hombres,
escort argentina,3600,73,/escorts/argentina,
escort buenos aires,3600,68,,"excluida: Argentina, no Chile"
escort providencia,3600,56,/escorts/providencia,
putas colombianas,3600,25,/escorts/colombiana,
escort coquimbo,3600,47,/escorts/coquimbo,
porno putas,3600,29,/escorts/packs,
escorts trans,3600,26,/escorts/trans,
masajes sexuales,3600,21,/escorts/masaje-erotico,
sexo la serena,3600,30,/escorts/la-serena,
scort madura,3600,50,/escorts/maduras,
mujer busca hombre,3600,20,/escorts/mujer-busca-hombre,
chiloé sexual,2900,27,/escorts/chiloe,
escort chiloe,2900,46,/escorts/chiloe,
escort con videos,2900,41,/escorts/packs,
escort gay santiago,2900,50,/escorts/hombres,
putas baratas,2900,17,/escorts/baratas,
numeros de putas,2900,48,/escorts/whatsapp,
prostitutas temuco,2900,50,/escorts/temuco,
videos xxx putas,2900,29,/escorts/packs,
masajes sensitivos,2900,20,/escorts/masaje-erotico,
sexo viña,2900,27,/escorts/vina-del-mar,
prostitutas concepcion,2400,51,/escorts/concepcion,
escort san bernardo,2400,18,/escorts/san-bernardo,
putas curico,2400,48,/escorts/curico,
putas valdivia,2400,47,/escorts/valdivia,
escort milf,2400,50,/escorts/maduras,
putas ricas,2400,21,/escorts/caliente,
putas a domicilio,1900,14,/escorts/a-domicilio,
scort a domicilio,1900,15,/escorts/a-domicilio,
escort las condes,1900,46,/escorts/las-condes,
putas calama,1900,51,/escorts/calama,
putas san antonio,1900,39,/escorts/san-antonio,
sexo san fernando,1900,45,/escorts/san-fernando,
putas valparaíso,1900,49,/escorts/valparaiso,
gordas putas,1900,21,/escorts/gordita,
escort madura santiago,1900,43,/escorts/maduras,
putas argentinas,1900,41,/escorts/argentina,
escort en santiago de chile,1900,49,/escorts/santiago,
escort baratas,1900,50,/escorts/baratas,
putas follando,1900,30,/escorts/packs,
prostitutas rancagua,1900,46,/escorts/rancagua,
putas los angeles,1900,47,/escorts/los-angeles,
masajes eroticos santiago,1900,41,/escorts/masaje-erotico,
night club santiago,1900,39,/escorts/night-club,
putas en la serena,1900,42,/escorts/la-serena,
damas de compañia la serena,1900,50,/escorts/la-serena,
putas viña,1900,49,/escorts/vina-del-mar,
servicios sexuales antofagasta,1600,44,/escorts/antofagasta,
escort norte antofagasta,1600,47,/escorts/antofagasta,
damas de compañia concepcion,1600,50,/escorts/concepcion,
escort en conce,1600,44,/escorts/concepcion,
escort norte calama,1600,44,/escorts/calama,
escort colombianas,1600,41,/escorts/colombiana,
sexo gay chile,1600,27,/escorts/hombres,
escort estacion central,1600,14,/escorts/estacion-central,
escort la cisterna,1600,39,/escorts/la-cisterna,
prostitutas antofagasta,1300,46,/escorts/antofagasta,
sexo chiloe,1300,46,/escorts/chiloe,
escort en ovalle,1300,17,/escorts/ovalle,
escort ñuñoa,1300,13,/escorts/nunoa,
escort plaza de armas,1300,14,/escorts/santiago-centro,
putas san fernando,1300,43,/escorts/san-fernando,
prostitutas talca,1300,44,/escorts/talca,
escort travesti santiago,1300,23,/escorts/trans,
escort trans santiago,1300,23,/escorts/trans,
maduras escort,1300,15,/escorts/maduras,
porno prostitutas,1300,33,/escorts/packs,
putas en linares,1300,46,/escorts/linares,
sexo con putas,1300,23,/escorts/packs,
putas gratis,1300,41,/escorts/encuentros-sexuales,
whatsapp de putas,1300,23,/escorts/whatsapp,
avenida providencia 1100,1300,25,,excluida: dirección sin relación
encuentros sexuales,1300,27,/escorts/encuentros-sexuales,
escort masculino,1300,32,/escorts/hombres,
prostitutas la serena,1300,43,/escorts/la-serena,
escort en villarrica,1300,15,/escorts/villarrica,
putas estacion central,1300,14,/escorts/estacion-central,
sexo valparaiso,1300,22,/escorts/valparaiso,
escort v region,1300,50,/escorts/vina-del-mar,
sexo en viña del mar,1300,38,/escorts/vina-del-mar,
sexo a domicilio,1000,20,/escorts/a-domicilio,
escort anal,1000,23,/escorts/anal,
sexo conce,1000,38,/escorts/concepcion,
escort gordita,1000,12,/escorts/gordita,
mujeres sexo,1000,34,/escorts/encuentros-sexuales,
prostitutas chillan,1000,47,/escorts/chillan,
putas desnudas,1000,36,/escorts/packs,
sexo san felipe,1000,16,/escorts/san-felipe,
escort con con,1000,28,/escorts/concon,
escort embarazada,1000,15,/escorts/embarazada,
mujeres de compañia,1000,56,/escorts/culona,
escort en serena,1000,7,/escorts/la-serena,
escort vina,1000,49,/escorts/vina-del-mar,
putas viña del mar,1000,49,/escorts/vina-del-mar,
escort en castro,880,8,/escorts/chiloe,
escort metro santa ana,880,14,/escorts/santiago-centro,
prostitutas calama,880,47,/escorts/calama,
damas de compañia san antonio,880,20,/escorts/san-antonio,
putas culiando,880,22,/escorts/packs,
rancagua escort,880,8,/escorts/rancagua,
casa de putas,880,34,/escorts/night-club,
servicios sexuales calama,880,51,/escorts/calama,
prostitutas puerto montt,880,47,/escorts/puerto-montt,
escort talagante,880,16,/escorts/talagante,
damas de compañia san felipe,880,14,/escorts/san-felipe,
escort culona,880,25,/escorts/culona,
escort en macul,880,14,/escorts/macul,
damas de compañia puente alto,880,19,/escorts/puente-alto,
damas de compañia en viña del mar,880,50,/escorts/vina-del-mar,
prostitutas viña del mar,880,48,/escorts/vina-del-mar,
anuncios escort,720,61,/escorts/whatsapp,
sexo santa cruz,720,42,/escorts/santa-cruz,
escort santa ana,720,14,/escorts/santiago-centro,
escort 10 mil,720,31,/escorts/baratas,
sexo en san bernardo,720,15,/escorts/san-bernardo,
escort santa lucia,720,10,/escorts/santiago-centro,
escorts valparaiso,720,13,/escorts/valparaiso,
putas valpo,720,26,/escorts/valparaiso,
escort trans chile,720,50,/escorts/trans,
gigolo santiago,720,11,/escorts/hombres,
sexo gay santiago,720,31,/escorts/hombres,
mujeres buscando sexo,720,21,/escorts/encuentros-sexuales,
sexo gratis santiago,720,15,/escorts/encuentros-sexuales,
prostitutas curico,720,15,/escorts/curico,
escort chile videos,720,33,/escorts/packs,
sexo chillán,720,46,/escorts/chillan,
servicios sexuales rancagua,720,48,/escorts/rancagua,
escort los angeles chile,720,27,/escorts/los-angeles,
escort negras,720,48,/escorts/negra,
escort tobalaba,720,15,/escorts/providencia,
sexo casual santiago,590,19,/escorts/encuentros-sexuales,
prostitutas a domicilio,590,16,/escorts/a-domicilio,
servicios sexuales concepcion,590,45,/escorts/concepcion,
damas de compañia san fernando,590,43,/escorts/san-fernando,
escort metro santa lucia,590,10,/escorts/santiago-centro,
putas talcahuano,590,47,/escorts/talcahuano,
las mejores putas,590,38,/escorts/caliente,
backpage chile,590,55,,excluida: marca de otro sitio
putas venezolanas,590,23,/escorts/venezolana,
escort concon,590,13,/escorts/concon,
escort metro u de chile,590,9,/escorts/santiago-centro,
escort puerto varas,590,49,/escorts/puerto-varas,
escort trio,590,8,/escorts/trios,
masajes sensitivos providencia,590,22,/escorts/masaje-erotico,
club nocturno santiago,590,41,/escorts/night-club,
escorts en rancagua,590,47,/escorts/rancagua,
videos scort,590,26,/escorts/packs,
escort japonesa,590,21,/escorts/asiatica,
escort gay talca,590,16,/escorts/hombres,
putas en la florida,590,32,/escorts/la-florida,
escort quinta region,590,43,/escorts/vina-del-mar,
damas de compañia viña,590,49,/escorts/vina-del-mar,
encuentros casuales santiago,480,19,/escorts/encuentros-sexuales,
encuentros sexuales santiago,480,13,/escorts/encuentros-sexuales,
escort anal santiago,480,13,/escorts/anal,
escort chiguayante,480,14,/escorts/chiguayante,
escort vip concepcion,480,46,/escorts/concepcion,
putas en puente alto,480,33,/escorts/puente-alto,
escort manquehue,480,10,/escorts/las-condes,
escort pedro de valdivia,480,5,/escorts/providencia,
escort santa isabel,480,6,/escorts/santiago-centro,
damas de compañia valparaiso,480,42,/escorts/valparaiso,
servicios sexuales talca,480,41,/escorts/talca,
shemale santiago,480,15,/escorts/trans,
mujer busca hombre chile,480,17,/escorts/mujer-busca-hombre,
putas chilenas xxx,480,32,/escorts/packs,
escort chillán,480,43,/escorts/chillan,
servicios sexuales chillan,480,45,/escorts/chillan,
chicas escort rancagua,480,46,/escorts/rancagua,
sexo gratis chile,480,24,/escorts/encuentros-sexuales,
sexo los angeles chile,480,18,/escorts/los-angeles,
gigolo puerto montt,480,19,/escorts/hombres,
servicios sexuales puerto montt,480,16,/escorts/puerto-montt,
masajes sexis,480,30,/escorts/masaje-erotico,
mejores night club santiago,480,14,/escorts/night-club,
night club providencia,480,50,/escorts/night-club,
pareja escort,480,10,/escorts/trios,
prostitución en chile,480,57,/escorts/chile,
putas macul,480,14,/escorts/macul,
sexychicas serena,480,39,,excluida: marca de otro sitio
escort quinta normal,480,14,/escorts/quinta-normal,
escort sin conserje,480,6,/escorts/a-domicilio,
escort reñaca,480,39,/escorts/vina-del-mar,
busco sexo,390,17,/escorts/encuentros-sexuales,
sexo casual chile,390,18,/escorts/encuentros-sexuales,
sexo anal santiago,390,14,/escorts/anal,
datos escort antofagasta,390,50,/escorts/antofagasta,
putas en ovalle,390,33,/escorts/ovalle,
escort en san miguel,390,12,/escorts/san-miguel,
damas de compañia santa cruz,390,47,/escorts/santa-cruz,
putas las condes,390,41,/escorts/las-condes,
putas en san bernardo,390,9,/escorts/san-bernardo,
escort talcahuano,390,17,/escorts/talcahuano,
fotos de putas,390,24,/escorts/packs,
putas gorditas,390,21,/escorts/gordita,
masajes sensitivos santiago centro,390,12,/escorts/masaje-erotico,
milf santiago,390,39,/escorts/maduras,
escort jovenes,390,15,/escorts/santiago,
escort colombianas en chile,390,28,/escorts/colombiana,
prostitutas en osorno,390,44,/escorts/osorno,
putas com,390,65,,excluida: marca de otro sitio
videos putasxxx,390,24,/escorts/packs,
putas cachondas,390,27,/escorts/packs,
putas san felipe,390,13,/escorts/san-felipe,
escort baquedano,390,19,/escorts/santiago-centro,
escort metro las rejas,390,7,/escorts/estacion-central,
escort gay puerto montt,390,15,/escorts/hombres,
escort metro tobalaba,390,11,/escorts/providencia,
masajes desnudos,390,20,/escorts/masaje-erotico,
masajes eroticos santiago centro,390,32,/escorts/masaje-erotico,
anuncios xxx,390,28,/escorts/whatsapp,
sexo puente alto,390,22,/escorts/puente-alto,
servicios sexuales la serena,390,45,/escorts/la-serena,
escort norte la serena,390,41,/escorts/la-serena,
sexo sur villarrica,390,22,/escorts/villarrica,
sexo gay talca,390,19,/escorts/hombres,
sexo en la florida,390,16,/escorts/la-florida,
damas de compañia la florida,390,17,/escorts/la-florida,
scor san fernando,390,41,/escorts/san-fernando,
sexo valpo,390,31,/escorts/valparaiso,
sexo v region,390,10,/escorts/valparaiso,
masajes eroticos las condes,390,20,/escorts/masaje-erotico,
scort trans conce,390,14,/escorts/trans,
anal santiago,320,15,/escorts/anal,
putas antofa,320,50,/escorts/antofagasta,
erotico antofagasta,320,14,/escorts/antofagasta,
escort vip antofagasta,320,38,/escorts/antofagasta,
escort metro bellas artes,320,12,/escorts/santiago-centro,
putas en castro,320,41,/escorts/chiloe,
putas chiloe,320,44,/escorts/chiloe,
putas en san miguel,320,31,/escorts/san-miguel,
escort rellenita,320,26,/escorts/gordita,
sexo las condes,320,47,/escorts/las-condes,
escort metro toesca,320,14,/escorts/santiago-centro,
escort tetona santiago,320,23,/escorts/tetona,
escort metro santa isabel,320,14,/escorts/santiago-centro,
travestis escort chile,320,45,/escorts/trans,
whatsapp de prostitutas,320,46,/escorts/whatsapp,
putas maduras santiago,320,41,/escorts/maduras,
buscar pareja chile,320,32,/escorts/mujer-busca-hombre,
prostitutas videos,320,35,/escorts/packs,
porno santiago,320,27,/escorts/packs,
xxx santiago,320,30,/escorts/packs,
servicios sexuales valdivia,320,49,/escorts/valdivia,
prostitutas valdivia,320,21,/escorts/valdivia,
putas asesinas,320,23,,excluida: libro de Bolaño
escort con whatsapp,320,9,/escorts/whatsapp,
escort dual,320,9,/escorts/trios,
escort en promocion,320,16,/escorts/baratas,
videos de escort chilenas,320,32,/escorts/packs,
escort colombianas en santiago,320,41,/escorts/colombiana,
prostitutas coquimbo,320,42,/escorts/coquimbo,
videos putas gratis,320,53,/escorts/packs,
prostitutas en los angeles,320,45,/escorts/los-angeles,
escort asiatica,320,10,/escorts/asiatica,
escort gran avenida,320,28,/escorts/la-cisterna,
escort u de chile,320,9,/escorts/santiago-centro,
shemale escort,320,14,/escorts/trans,
escort parque bustamante,320,6,/escorts/providencia,
masajes eroticos chile,320,19,/escorts/masaje-erotico,
masajes eroticos providencia,320,11,/escorts/masaje-erotico,
masajes hot,320,21,/escorts/masaje-erotico,
strip clubs in santiago chile,320,39,/escorts/night-club,
night club santiago centro,320,39,/escorts/night-club,
strip clubs in santiago,320,40,/escorts/night-club,
sexo providencia,320,51,/escorts/providencia,
sexso talca,320,45,/escorts/talca,
damas xxx,320,30,/escorts/packs,
acompañantes la serena,320,42,/escorts/la-serena,
prostitutas la florida,320,18,/escorts/la-florida,
escort renca,320,14,/escorts/renca,
damas de compañia maduras,320,9,/escorts/maduras,
escort en colina,320,33,/escorts/colina,
escort v,320,50,/escorts/vina-del-mar,
prostitutas en viña,320,23,/escorts/vina-del-mar,
damas de compañia a domicilio,260,13,/escorts/a-domicilio,
chicas escort antofagasta,260,28,/escorts/antofagasta,
escort bellas artes,260,5,/escorts/santiago-centro,
escort madura concepcion,260,16,/escorts/concepcion,
escort castro chiloe,260,42,/escorts/chiloe,
sexo en san miguel,260,14,/escorts/san-miguel,
escort metro manquehue,260,14,/escorts/las-condes,
escort 15 mil,260,13,/escorts/baratas,
damas de compañia san bernardo,260,16,/escorts/san-bernardo,
servicios sexuales travestis,260,35,/escorts/trans,
fotos de escort,260,30,/escorts/packs,
imagenes de putas,260,55,/escorts/packs,
escort masculino chile,260,40,/escorts/hombres,
milf putas,260,22,/escorts/maduras,
prostibulos en santiago,260,28,/escorts/night-club,
prostibulos en chile,260,33,/escorts/night-club,
chicas escort curico,260,41,/escorts/curico,
sexo santiago hoy,260,19,/escorts/santiago,
sexo gratis en chillan,260,13,/escorts/chillan,
damas de compañia chillán,260,46,/escorts/chillan,
putas illapel,260,14,/escorts/illapel,
escort venezolanas en chile,260,30,/escorts/venezolana,
venezolana escort,260,27,/escorts/venezolana,
putas calientes xxx,260,22,/escorts/packs,
hombres chilenos desnudos,260,24,/escorts/hombres,
follar gratis,260,50,/escorts/encuentros-sexuales,
av providencia 1100 providencia región metropolitana,260,16,,excluida: dirección sin relación
escort estacion,260,14,/escorts/estacion-central,
escort metro los heroes,260,15,/escorts/santiago-centro,
eróticos puerto montt,260,32,/escorts/puerto-montt,
sexo puerto varas,260,46,/escorts/puerto-varas,
escort metro los leones,260,9,/escorts/providencia,
escort para trio,260,14,/escorts/trios,
servicios sexuales curico,260,45,/escorts/curico,
escort aconcagua,260,21,/escorts/san-felipe,
videos de maduras com,260,24,/escorts/packs,
escort porno,260,27,/escorts/packs,
busco mujer,260,19,/escorts/mujer-busca-hombre,
mujeres maduras solteras buscando pareja,260,20,/escorts/mujer-busca-hombre,
eroticos talca,260,28,/escorts/talca,
maduras buscando sexo,260,18,/escorts/encuentros-sexuales,
chicas escort la serena,260,41,/escorts/la-serena,
escort vicente valdes,260,7,/escorts/la-florida,
sexso norte,260,27,/escorts/copiapo,
encuentros casuales chile,210,18,/escorts/encuentros-sexuales,
putas bellas,210,17,/escorts/santiago-centro,
acompañantes en concepcion,210,49,/escorts/concepcion,
escort en concepcion chile,210,44,/escorts/concepcion,
escort metro pedro de valdivia,210,7,/escorts/providencia,
sexo san antonio,210,16,/escorts/san-antonio,
escort san fernando chile,210,42,/escorts/san-fernando,
escort san javier,210,32,/escorts/san-javier,
escort hombres en santiago,210,43,/escorts/hombres,
escort masculino santiago,210,44,/escorts/hombres,
servicios sexuales chile,210,63,/escorts/chile,
acompañantes chile,210,57,/escorts/chile,
mujer busca sexo santiago,210,13,/escorts/encuentros-sexuales,
sexo madura santiago,210,45,/escorts/maduras,
mujeres solteras en santiago,210,20,/escorts/mujer-busca-hombre,
chicas en santiago,210,22,/escorts/mujer-busca-hombre,
parejas chile,210,17,/escorts/mujer-busca-hombre,
chimbi scort,210,41,,excluida: marca de otro sitio
sexo con prostitutas,210,29,/escorts/packs,
escorts santiago clasificados,210,5,/escorts/santiago,
putas finas,210,27,/escorts/vip,
videos de putas chilenas,210,26,/escorts/packs,
putas colombianas en santiago,210,31,/escorts/colombiana,
putas colombianas en chile,210,45,/escorts/colombiana,
escort linares chile,210,45,/escorts/linares,
putitas com,210,54,,excluida: marca de otro sitio
escort en los angeles bio bio,210,46,/escorts/los-angeles,
putas los angeles chile,210,46,/escorts/los-angeles,
escort metro baquedano,210,28,/escorts/santiago-centro,
escort gay en viña,210,20,/escorts/hombres,
putas la cisterna,210,38,/escorts/la-cisterna,
putas metro u de chile,210,10,/escorts/santiago-centro,
escort metro republica,210,12,/escorts/santiago-centro,
escort atacama,210,44,/escorts/copiapo,
servicios sexuales valparaiso,210,46,/escorts/valparaiso,
sexo en talagante,210,14,/escorts/talagante,
escort vip talca,210,6,/escorts/talca,
cabaret santiago,210,45,/escorts/night-club,
prostitucion en chile,210,60,/escorts/chile,
damas de compañia providencia,210,39,/escorts/providencia,
paginas para tener sexo,210,51,/escorts/encuentros-sexuales,
escort tus amantes,210,38,,excluida: marca de otro sitio
escort vip la serena,210,41,/escorts/la-serena,
sexo la cisterna,210,31,/escorts/la-cisterna,
mujer mayor busca joven,210,19,/escorts/mujer-busca-hombre,
travestis concepcion,210,20,/escorts/trans,
servicios sexuales viña del mar,210,49,/escorts/vina-del-mar,
acompañantes viña del mar,210,50,/escorts/vina-del-mar,
trans dotada,210,21,/escorts/trans,
encuentros sexuales chile,170,21,/escorts/encuentros-sexuales,
servicios eróticos antofagasta,170,42,/escorts/antofagasta,
damas de compañia conce,170,47,/escorts/concepcion,
escort santiago videos,170,16,/escorts/packs,
servicios sexuales ovalle,170,32,/escorts/ovalle,
sexo gordita santiago,170,9,/escorts/gordita,
escort matta,170,48,/escorts/santiago-centro,
escort av matta,170,31,/escorts/santiago-centro,
putas metro santa lucia,170,10,/escorts/santiago-centro,
prostitutas en valparaiso,170,47,/escorts/valparaiso,
sexo gratis talca,170,18,/escorts/talca,
travestis santiago centro,170,18,/escorts/trans,
putas travestis,170,20,/escorts/trans,
escort gay santiago chile,170,42,/escorts/hombres,
madura busca sexo santiago,170,13,/escorts/maduras,
mujeres para sexo,170,35,/escorts/encuentros-sexuales,
sexo cerca de mi,170,21,/escorts/encuentros-sexuales,
escort madura santiago centro,170,43,/escorts/maduras,
escort milf santiago,170,41,/escorts/maduras,
escort 60 años,170,27,/escorts/maduras,
milf escort,170,30,/escorts/maduras,
orgias en santiago,170,12,/escorts/trios,
escort universitaria santiago,170,14,/escorts/santiago,
escort 18 santiago,170,12,,excluida: menores
escort argentina en santiago,170,19,/escorts/argentina,
damas de compañia xxx,170,19,/escorts/packs,
putas chilenas culiando,170,17,/escorts/packs,
prostitutas desnudas,170,51,/escorts/packs,
putas plaza de armas,170,16,/escorts/santiago-centro,
escort venezolanas en santiago,170,27,/escorts/venezolana,
putas teniendo sexo,170,21,/escorts/packs,
xxx putas gratis,170,55,/escorts/packs,
scord rancagua,170,48,/escorts/rancagua,
mujeres que quieren follar,170,18,/escorts/encuentros-sexuales,
servicios sexuales en los angeles chile,170,44,/escorts/los-angeles,
citas sexuales,170,22,/escorts/encuentros-sexuales,
servicios personales antofagasta,170,11,/escorts/antofagasta,
scort peñalolén,170,14,/escorts/penalolen,
damas de compañia la cisterna,170,42,/escorts/la-cisterna,
escort madura valparaiso,170,21,/escorts/valparaiso,
servicios eroticos,170,49,/escorts/masaje-erotico,
masajes eroticos a domicilio,170,5,/escorts/masaje-erotico,
masajes con final feliz en santiago,170,5,/escorts/masaje-erotico,
night club para mujeres santiago,170,26,/escorts/night-club,
night club santiago chile,170,16,/escorts/night-club,
putas en providencia,170,8,/escorts/providencia,
sexo de chile,170,23,/escorts/encuentros-sexuales,
app para tener sexo,170,29,/escorts/encuentros-sexuales,
escort oriental,170,8,/escorts/asiatica,
escort illapel,170,6,/escorts/illapel,
escort metro mirador,170,14,/escorts/la-florida,
escort lo prado,170,12,/escorts/lo-prado,
escort voluptuosa,170,17,/escorts/culona,
escort vip viña,170,46,/escorts/vina-del-mar,
escort vip viña del mar,170,47,/escorts/vina-del-mar,
escort playa,170,50,/escorts/vina-del-mar,
avisos sexo,140,44,/escorts/whatsapp,
servicios sexuales a domicilio,140,20,/escorts/a-domicilio,
sexo casual antofagasta,140,17,/escorts/antofagasta,
sexo norte antofagasta,140,26,/escorts/antofagasta,
encuentros sexuales conce,140,13,/escorts/concepcion,
prostitutas puente alto,140,43,/escorts/puente-alto,
putas santa cruz,140,42,/escorts/santa-cruz,
escort gordita santiago,140,27,/escorts/gordita,
escort peruanas en chile,140,10,/escorts/peruana,
escort san antonio chile,140,18,/escorts/san-antonio,
escort playa ancha,140,12,/escorts/valparaiso,
travestis en santiago de chile,140,14,/escorts/trans,
sexo trans santiago,140,23,/escorts/trans,
gigolos en chile,140,25,/escorts/hombres,
hombres de compañia chile,140,8,/escorts/hombres,
escort chile hombres,140,41,/escorts/hombres,
escort hombres gay,140,42,/escorts/hombres,
prostitutos gay,140,43,/escorts/hombres,
mujeres buscan sexo gratis,140,15,/escorts/encuentros-sexuales,
prostitutas maduras,140,41,/escorts/maduras,
escort maduras en chile,140,42,/escorts/maduras,
prostituta xvideos,140,29,/escorts/packs,
prostitutas argentinas,140,60,/escorts/argentina,
escort toda la noche,140,18,/escorts/santiago,
putas chilenas follando,140,20,/escorts/packs,
servicios sexuales coquimbo,140,42,/escorts/coquimbo,
puras xxx,140,36,/escorts/packs,
putas putas,140,45,/escorts/packs,
putas hd,140,51,/escorts/packs,
mujer busca sexo rancagua,140,14,/escorts/rancagua,
sexo oral santiago,140,14,/escorts/sexo-oral,
escort san carlos,140,46,/escorts/san-carlos,
escorts famosas,140,38,/escorts/vip,
citas para sexo,140,28,/escorts/encuentros-sexuales,
escort asiatica chile,140,12,/escorts/asiatica,
escort colorina,140,8,/escorts/pelirroja,
escort pelirroja,140,13,/escorts/pelirroja,
escort en peñalolen,140,10,/escorts/penalolen,
escort toro mazote,140,13,/escorts/estacion-central,
escort metro la cisterna,140,9,/escorts/la-cisterna,
escort el parron,140,14,/escorts/la-cisterna,
sexo gratis en puerto montt,140,12,/escorts/puerto-montt,
prostitutas talagante,140,13,/escorts/talagante,
masajes eroticos a mujeres,140,26,/escorts/masaje-erotico,
escort maule,140,29,/escorts/talca,
sexo casual talca,140,13,/escorts/talca,
app para sexo,140,49,/escorts/encuentros-sexuales,
consex cl,140,50,,excluida: marca de otro sitio
tusamantes cl,140,22,,excluida: marca de otro sitio
escort metro macul,140,10,/escorts/macul,
la serena xxx,140,23,/escorts/la-serena,
sexo norte la serena,140,44,/escorts/la-serena,
encuentros sexuales valparaiso,140,15,/escorts/valparaiso,
gigolos xxx,140,26,/escorts/hombres,
scort vieja,140,45,/escorts/maduras,
madura busca hombre,140,16,/escorts/mujer-busca-hombre,
putas ardientes,140,18,/escorts/caliente,
sexo colina,140,15,/escorts/colina,
seco gay,140,41,/escorts/hombres,
avisos eroticos,110,25,/escorts/whatsapp,
anuncios sexo,110,49,/escorts/whatsapp,
encuentros xxx,110,20,/escorts/whatsapp,
escort santiago domicilio,110,16,/escorts/a-domicilio,
escort sexo anal,110,10,/escorts/anal,
escort antofagasta sector sur,110,24,/escorts/antofagasta,
sexo ocacional antofagasta,110,17,/escorts/antofagasta,
chicas escort concepcion,110,46,/escorts/concepcion,
chicas sexo concepcion,110,45,/escorts/concepcion,
milf concepcion,110,20,/escorts/concepcion,
scor concepcion,110,11,/escorts/concepcion,
paginas de escort en concepcion,110,44,/escorts/concepcion,
escort embarazada santiago,110,10,/escorts/embarazada,
servicios sexuales castro,110,46,/escorts/chiloe,
prostitutas en ovalle,110,45,/escorts/ovalle,
servicios sexuales puente alto,110,22,/escorts/puente-alto,
sexo sur santa cruz,110,41,/escorts/santa-cruz,
prostitutas gordas,110,46,/escorts/gordita,
escort los dominicos,110,30,/escorts/las-condes,
damas de compañia las condes,110,42,/escorts/las-condes,
putas en ñuñoa,110,11,/escorts/nunoa,
escort peruanas en santiago,110,14,/escorts/peruana,
putas peruanas en santiago,110,15,/escorts/peruana,
servicios sexuales san fernando,110,41,/escorts/san-fernando,
sexo sur san javier,110,29,/escorts/san-javier,
escort san ramon,110,17,/escorts/san-ramon,
mujeres de compañia talca,110,43,/escorts/talca,
servicio de travestis en santiago,110,21,/escorts/trans,
trans busca sexo santiago centro chile,110,12,/escorts/trans,
prostitutas de chile,110,60,/escorts/chile,
escort viejas,110,34,/escorts/maduras,
busco sexo gratis,110,20,/escorts/encuentros-sexuales,
mujer busca hombre en santiago centro,110,15,/escorts/mujer-busca-hombre,
mujer madura busca hombre santiago,110,16,/escorts/mujer-busca-hombre,
mujer busca amistad santiago,110,17,/escorts/mujer-busca-hombre,
putas curicanas,110,42,/escorts/curico,
putas independientes,110,23,/escorts/santiago,
porno putas chilenas,110,30,/escorts/packs,
acompañantes en chillan,110,48,/escorts/chillan,
putas de 18,110,20,,excluida: menores
chicas sexo temuco,110,45,/escorts/temuco,
chicas sexo rancagua,110,43,/escorts/rancagua,
sexo en lo prado,110,11,/escorts/lo-prado,
chile xxx gay,110,23,/escorts/hombres,
vergones chilenos,110,23,/escorts/hombres,
sexo gratis arica,110,17,/escorts/arica,
mujeres para tener sexo,110,23,/escorts/encuentros-sexuales,
scort oral,110,45,/escorts/sexo-oral,
sexo sur san carlos,110,18,/escorts/san-carlos,
escort asiatica santiago,110,7,/escorts/asiatica,
escort japonesa en santiago,110,7,/escorts/asiatica,
escort bio bio,110,15,/escorts/concepcion,
sexo en estación central,110,11,/escorts/estacion-central,
prostitutas estacion central,110,13,/escorts/estacion-central,
escort gay en viña del mar,110,13,/escorts/hombres,
sexo gay viña,110,23,/escorts/hombres,
escort metro,110,38,/escorts/santiago-centro,
escort negras en chile,110,41,/escorts/negra,
escortnorte copiapo,110,5,/escorts/copiapo,
servicios personales en puerto montt,110,35,/escorts/puerto-montt,
sexso puerto montt,110,47,/escorts/puerto-montt,
putas en talagante,110,14,/escorts/talagante,
putas metro tobalaba,110,8,/escorts/providencia,
escort masajes santiago,110,39,/escorts/masaje-erotico,
masajes sexuales a tu pareja,110,18,/escorts/masaje-erotico,
escort sexta region,110,21,/escorts/rancagua,
mujeres maduras videos gratis,110,25,/escorts/packs,
escort follando,110,44,/escorts/packs,
mujer busca aventura,110,17,/escorts/mujer-busca-hombre,
aplicaciones para tener sexo,110,44,/escorts/encuentros-sexuales,
app sexo,110,54,/escorts/encuentros-sexuales,
busco sexo casual,110,20,/escorts/encuentros-sexuales,
citas de sexo,110,23,/escorts/encuentros-sexuales,
escort chiquitita,110,11,,excluida: menores
damas de compañia estacion central,110,14,/escorts/estacion-central,
sexo gay viña del mar,110,19,/escorts/hombres,
servicio sexuales la florida,110,12,/escorts/la-florida,
sexo a domicilio la florida,110,12,/escorts/la-florida,
escort madura antofagasta,110,11,/escorts/antofagasta,
milf antofagasta,110,15,/escorts/antofagasta,
sexo ñuñoa,110,13,/escorts/nunoa,
putas en renca,110,14,/escorts/renca,
puras santiago,110,25,/escorts/santiago,
trans a domicilio,110,14,/escorts/trans,
mujer casada busca hombre,110,14,/escorts/mujer-busca-hombre,
mujer mayor busca hombre,110,17,/escorts/mujer-busca-hombre,
mujeres en busca de hombres,110,19,/escorts/mujer-busca-hombre,
numeros de mujeres calientes,110,12,/escorts/whatsapp,
sexo pagado gay,110,25,/escorts/hombres,
escort madura viña,110,31,/escorts/vina-del-mar,
transexuales dotados,110,19,/escorts/trans,
travestis quillota,110,14,/escorts/quillota,
putas 24 horas,90,16,/escorts/a-domicilio,
escort solo domicilio,90,34,/escorts/a-domicilio,
putas chiguayante,90,14,/escorts/chiguayante,
portal escort concepcion,90,39,/escorts/concepcion,
damas de compañia gorditas,90,14,/escorts/gordita,
chicas escort en calama,90,41,/escorts/calama,
escort nuñoa,90,14,/escorts/nunoa,
putas santa lucia,90,10,/escorts/santiago-centro,
gigolos gay en santiago,90,44,/escorts/hombres,
chica busca chico en chile,90,14,/escorts/mujer-busca-hombre,
photokines chile,90,24,,excluida: marca de otro sitio
pornografia en santiago,90,28,/escorts/packs,
escort valdivia chile,90,44,/escorts/valdivia,
escorts independientes buenos aires,90,63,,"excluida: Argentina, no Chile"
libro putas asesinas,90,17,,excluida: libro de Bolaño
putas santiago whatsapp,90,22,/escorts/whatsapp,
sexo con putas chilenas,90,22,/escorts/chilena,
sexo illapel,90,15,/escorts/illapel,
mujer busca sexo temuco,90,20,/escorts/temuco,
pautas xxx,90,34,/escorts/packs,
videosdeputas xxx,90,38,/escorts/packs,
sexo gratis concepcion,90,14,/escorts/concepcion,
putas en con con,90,39,/escorts/concon,
masajes eroticos en ñuñoa,90,35,/escorts/masaje-erotico,
masajes intimos,90,24,/escorts/masaje-erotico,
masaje erotico tobalaba,90,5,/escorts/masaje-erotico,
toples en santiago,90,24,/escorts/night-club,
pareja escort santiago,90,15,/escorts/trios,
videos de maduras gratis,90,25,/escorts/packs,
videos de mujeres maduras,90,27,/escorts/packs,
escort comuna la florida,90,11,/escorts/la-florida,
escort a domicilio la florida,90,14,/escorts/la-florida,
damas de compañia talagante,90,7,/escorts/talagante,
male escort,90,41,/escorts/hombres,
mujer busca hombre para sexo,90,13,/escorts/mujer-busca-hombre,
escort colombiana anal,70,48,/escorts/anal,
mujeres para sexo en concepcion,70,33,/escorts/concepcion,
servicio escort concepcion,70,43,/escorts/concepcion,
putas embarazadas en santiago,70,12,/escorts/embarazada,
prostitutas san miguel,70,24,/escorts/san-miguel,
putas pedro de valdivia,70,7,/escorts/providencia,
escort el momento,70,21,/escorts/santiago-centro,
escort santiago 15000,70,34,/escorts/baratas,
damas de compañia san antonio chile,70,33,/escorts/san-antonio,
scord talca,70,43,/escorts/talca,
sexo travesti vip,70,36,/escorts/trans,
hombres prostitutos,70,19,/escorts/hombres,
viejas dan sexo en santiago de chile,70,32,/escorts/maduras,
mujeres que quieren sexo,70,25,/escorts/encuentros-sexuales,
maduras acompañantes,70,42,/escorts/maduras,
mujeres buscan pareja en chile,70,14,/escorts/mujer-busca-hombre,
prostitutas en accion,70,25,/escorts/packs,
acompanantes valdivia,70,32,/escorts/valdivia,
putas asesinas roberto bolaño,70,18,,excluida: libro de Bolaño
sexo vip,70,23,/escorts/vip,
escort chilena porno,70,27,/escorts/packs,
putitas de 18 años,70,18,,excluida: menores
sexo gratis linares,70,13,/escorts/linares,
putas plaza de armas santiago,70,11,/escorts/santiago-centro,
numeros de putas en temuco,70,45,/escorts/temuco,
putas venezolanas chile,70,11,/escorts/venezolana,
las mas putas com,70,23,,excluida: marca de otro sitio
xxx chicas putas,70,24,/escorts/packs,
mujeres para sexo en rancagua,70,43,/escorts/rancagua,
sexo a domicilio rancagua,70,9,/escorts/rancagua,
putas san pablo,70,14,/escorts/lo-prado,
wassap de putas,70,39,/escorts/whatsapp,
putas asiaticas en santiago,70,11,/escorts/asiatica,
putas metro los leones,70,28,/escorts/providencia,
masaje erotico cl,70,26,/escorts/masaje-erotico,
spa erotico,70,34,/escorts/masaje-erotico,
masajes cachondos,70,20,/escorts/masaje-erotico,
club nocturno providencia,70,44,/escorts/night-club,
puticlub chile,70,50,/escorts/night-club,
escort arg,70,68,/escorts/argentina,
consex concepcion,70,30,,excluida: marca de otro sitio
servicios sexuales en macul,70,12,/escorts/macul,
escort pedrero,70,15,/escorts/la-florida,
acompañantes masculinos,70,34,/escorts/hombres,
travestis conce,70,15,/escorts/trans,
servicios escort viña del mar,70,50,/escorts/vina-del-mar,
travestis dotados,70,18,/escorts/trans,
publicar escort gratis,50,48,/publicar-anuncio-escort,
escorts gratis,50,50,/escorts/encuentros-sexuales,
chicas a domicilio chile,50,13,/escorts/a-domicilio,
putas baratas a domicilio,50,14,/escorts/a-domicilio,
encuentros sexuales antofagasta,50,14,/escorts/antofagasta,
adoos concepción,50,23,,excluida: marca de otro sitio
escort 18 concepcion,50,13,,excluida: menores
damas de compañia san miguel,50,14,/escorts/san-miguel,
putas gordas en santiago,50,25,/escorts/gordita,
escort encomenderos,50,7,/escorts/las-condes,
escort mapocho,50,44,/escorts/santiago-centro,
putas 10 mil santiago,50,30,/escorts/baratas,
putas universitarias santiago,50,11,/escorts/santiago,
escort 20 mil la hora,50,39,/escorts/baratas,
scor san bernardo,50,6,/escorts/san-bernardo,
prostitutas quinta region,50,49,/escorts/valparaiso,
casa de putas talca,50,43,/escorts/talca,
número de whatsapp de travestis,50,12,/escorts/trans,
escort imagenes,50,22,/escorts/packs,
ver imagenes de putas,50,38,/escorts/packs,
servicios sexuales gay,50,36,/escorts/hombres,
mujer busca sexo casual,50,15,/escorts/encuentros-sexuales,
escorts ancianas,50,47,/escorts/maduras,
sexso mujeres,50,47,/escorts/encuentros-sexuales,
prostitutas teniendo sexo,50,32,/escorts/packs,
porno escort chile,50,37,/escorts/packs,
casa de putas en chillan,50,32,/escorts/chillan,
prepagos colombianas en chile,50,16,/escorts/colombiana,
escort peñuelas,50,14,/escorts/coquimbo,
mujeres para tener sexo en temuco,50,45,/escorts/temuco,
chicas escort venezolanas,50,27,/escorts/venezolana,
putas en lo prado,50,8,/escorts/lo-prado,
sexo casual concepción,50,19,/escorts/concepcion,
escort china en chile,50,11,/escorts/asiatica,
putas en baquedano,50,23,/escorts/santiago-centro,
putas universidad de chile,50,10,/escorts/santiago-centro,
urbe escort,50,26,,excluida: marca de otro sitio
sexo trío santiago,50,16,/escorts/trios,
masajes eroticos domingo,50,31,/escorts/masaje-erotico,
masage sexual,50,35,/escorts/masaje-erotico,
masajes gay providencia,50,18,/escorts/hombres,
casa de prostibulo,50,48,/escorts/night-club,
strip club chile,50,50,/escorts/night-club,
mujeres cerca,50,23,/escorts/mujer-busca-hombre,
cuanto cuesta una prostituta,50,26,/escorts/baratas,
mujeres casadas para relacion informal,50,16,/escorts/encuentros-sexuales,
escort colombiana la serena,50,9,/escorts/la-serena,
sexichica la serena,50,41,,excluida: marca de otro sitio
escort metro pedrero,50,11,/escorts/la-florida,
travestis a domicilio,50,17,/escorts/trans,
mujer madura busca joven,50,16,/escorts/mujer-busca-hombre,
gigolo gay,50,33,/escorts/hombres,
publicar escort,40,21,/publicar-anuncio-escort,
app para buscar putas,40,69,/escorts/whatsapp,
escort baratas a domicilio,40,19,/escorts/a-domicilio,
putas concepcion chile,40,41,/escorts/concepcion,
escort bajos de mena,40,28,/escorts/puente-alto,
putas gordas en chile,40,11,/escorts/gordita,
servicios sexuales gorditas,40,14,/escorts/gordita,
putas en santa ana,40,12,/escorts/santiago-centro,
escort santiago 10000,40,27,/escorts/baratas,
escort santiago santa ana,40,27,/escorts/santiago-centro,
escort bellavista,40,45,/escorts/santiago-centro,
putas 24 7,40,54,/escorts/santiago-centro,
sexo san antonio chile,40,7,/escorts/san-antonio,
servicios sexuales san bernardo,40,22,/escorts/san-bernardo,
putas en san ramon,40,12,/escorts/san-ramon,
mujeres para sexo en talca,40,41,/escorts/talca,
trans de compañia,40,22,/escorts/trans,
male escort santiago,40,47,/escorts/hombres,
escort de lujo en chile,40,56,/escorts/vip,
chilenas en busca de sexo,40,13,/escorts/encuentros-sexuales,
masajes santiago sensitivos,40,14,/escorts/masaje-erotico,
orgias santiago chile,40,10,/escorts/trios,
xxx chile santiago,40,22,/escorts/packs,
putas en accion,40,18,/escorts/packs,
sexo gratis valdivia,40,11,/escorts/valdivia,
las mejores putas argentinas,40,27,/escorts/argentina,
putas com ar,40,41,,excluida: sitio de Argentina
videos de prostitutas chilenas,40,26,/escorts/packs,
putas colombianas en santiago de chile,40,28,/escorts/colombiana,
eroticos linares,40,31,/escorts/linares,
escort plaza de armas santiago,40,7,/escorts/santiago-centro,
puteros videos,40,34,/escorts/packs,
putas follando gratis,40,49,/escorts/packs,
sexo gratis rancagua,40,16,/escorts/rancagua,
orgias gay chile,40,23,/escorts/hombres,
sexo casual arica,40,16,/escorts/arica,
mujeres putas sexo,40,56,/escorts/packs,
escor xxx,40,46,/escorts/packs,
video sexo escort,40,53,/escorts/packs,
mujeres para el momento,40,16,/escorts/mujer-busca-hombre,
damas porno,40,25,/escorts/packs,
encuentros porno,40,28,/escorts/encuentros-sexuales,
escort metro quinta normal,40,6,/escorts/quinta-normal,
contactos travestis,40,17,/escorts/trans,
maduras para sexo,40,52,/escorts/maduras,
dama busca hombre,40,15,/escorts/mujer-busca-hombre,
mujeres q buscan hombres,40,18,/escorts/mujer-busca-hombre,
las putitas mas ricas,40,23,/escorts/caliente,
marin escorts,40,19,,excluida: marca de otro sitio
transexual quillota,40,19,/escorts/quillota,
páginas para encuentros casuales,30,29,/escorts/encuentros-sexuales,
app sexo chile,30,26,/escorts/encuentros-sexuales,
app para tener sexo chile,30,30,/escorts/encuentros-sexuales,
app de citas hot,30,41,/escorts/encuentros-sexuales,
paginas de citas calientes,30,43,/escorts/encuentros-sexuales,
conocer mujeres calientes,30,14,/escorts/whatsapp,
encuentros con mujeres gratis,30,40,/escorts/whatsapp,
encuentros casuales santiago chile,30,16,/escorts/encuentros-sexuales,
citas sexuales chile,30,29,/escorts/encuentros-sexuales,
citas sexo chile,30,24,/escorts/encuentros-sexuales,
encuentros sexuales gratis,30,37,/escorts/encuentros-sexuales,
paginas de sexo casual,30,38,/escorts/encuentros-sexuales,
paginas para encontrar sexo,30,41,/escorts/encuentros-sexuales,
sitios para sexo,30,45,/escorts/encuentros-sexuales,
encuentros intimos,30,30,/escorts/encuentros-sexuales,
escort a domicilio concepcion,30,5,/escorts/concepcion,
encontrar pareja en chile,30,29,/escorts/mujer-busca-hombre,
paginas para buscar pareja en chile,30,32,/escorts/mujer-busca-hombre,
citas sexuales en santiago,30,12,/escorts/encuentros-sexuales,
citas para sexo gratis,30,50,/escorts/encuentros-sexuales,
citas sexo gratis,30,56,/escorts/encuentros-sexuales,
encuentros sexuales concepcion,30,14,/escorts/concepcion,
aplicacion sexo casual,30,29,/escorts/encuentros-sexuales,
busco sexo sin compromiso,30,15,/escorts/encuentros-sexuales,
mujer busca joven,30,15,/escorts/mujer-busca-hombre,
escort a domicilio viña del mar,30,31,/escorts/vina-del-mar,
cuanto gana una escort,0,0,/escorts/baratas,
